Timestamp_Epoch_ms,ECG_mV,HR_BPM
1780608022485,1.284,88
1780608022492,2.191,88
1780608022500,2.354,88
1780608022508,2.426,88
1780608022515,2.711,88
1780608022523,2.852,88
1780608022531,2.885,88
1780608022538,2.964,88
1780608022546,3.054,88
1780608022554,3.119,88
1780608022561,3.191,88
1780608022569,3.316,88
1780608022577,3.381,88
1780608022585,3.293,88
1780608022592,3.284,88
1780608022600,3.379,88
1780608022608,3.397,88
1780608022615,3.397,88
1780608022623,3.432,88
1780608022631,3.444,88
1780608022638,3.465,88
1780608022646,3.502,88
1780608022654,3.53,88
1780608022661,3.532,88
1780608022669,3.509,88
1780608022677,3.502,88
1780608022685,3.523,88
1780608022692,3.525,88
1780608022700,3.525,88
1780608022708,3.536,88
1780608022715,3.532,88
1780608022723,3.532,88
1780608022731,3.56,88
1780608022738,3.562,88
1780608022746,3.574,88
1780608022754,3.594,88
1780608022761,3.502,88
1780608022769,3.409,88
1780608022777,3.432,88
1780608022785,3.441,88
1780608022792,3.404,88
1780608022800,3.39,88
1780608022808,3.372,88
1780608022815,3.342,88
1780608022823,3.337,88
1780608022831,3.353,88
1780608022838,3.448,88
1780608022846,3.687,88
1780608022854,3.935,88
1780608022861,3.901,88
1780608022869,3.479,88
1780608022877,3.036,88
1780608022885,2.998,88
1780608022892,3.142,88
1780608022900,3.135,88
1780608022908,3.07,88
1780608022915,3.049,88
1780608022923,3.049,88
1780608022931,3.056,88
1780608022938,3.005,88
1780608022946,2.92,88
1780608022954,2.906,88
1780608022961,2.92,88
1780608022969,2.896,88
1780608022977,2.869,88
1780608022985,2.843,88
1780608022992,2.817,88
1780608023000,2.815,88
1780608023008,2.813,88
1780608023015,2.783,88
1780608023023,2.78,88
1780608023031,2.834,88
1780608023038,2.866,88
1780608023066,2.841,88
1780608023074,2.806,88
1780608023082,2.748,88
1780608023089,2.683,88
1780608023097,2.683,88
1780608023105,2.678,88
1780608023112,2.609,88
1780608023120,2.551,88
1780608023128,2.546,88
1780608023136,2.47,88
1780608023143,2.275,88
1780608023151,2.173,88
1780608023159,2.189,88
1780608023166,2.17,88
1780608023174,2.119,88
1780608023182,2.078,88
1780608023189,2.052,88
1780608023197,2.041,88
1780608023205,2.015,88
1780608023212,1.999,88
1780608023220,1.985,88
1780608023228,1.941,88
1780608023236,1.908,88
1780608023243,1.901,88
1780608023251,1.883,88
1780608023259,1.864,88
1780608023266,1.853,88
1780608023274,1.829,88
1780608023282,1.799,88
1780608023289,1.776,88
1780608023297,1.762,88
1780608023305,1.767,88
1780608023312,1.76,88
1780608023320,1.695,88
1780608023328,1.639,88
1780608023336,1.639,88
1780608023343,1.635,88
1780608023351,1.614,88
1780608023359,1.593,88
1780608023366,1.565,88
1780608023374,1.542,88
1780608023382,1.533,88
1780608023389,1.528,88
1780608023397,1.526,88
1780608023405,1.5,88
1780608023412,1.451,88
1780608023420,1.428,88
1780608023428,1.419,88
1780608023436,1.403,88
1780608023443,1.405,88
1780608023451,1.41,88
1780608023459,1.386,88
1780608023466,1.361,88
1780608023474,1.352,88
1780608023482,1.345,88
1780608023489,1.328,88
1780608023497,1.289,88
1780608023505,1.238,88
1780608023512,1.226,88
1780608023520,1.233,88
1780608023528,1.219,88
1780608023536,1.206,88
1780608023543,1.189,88
1780608023551,1.173,88
1780608023559,1.199,88
1780608023566,1.345,88
1780608023574,1.607,88
1780608023582,1.785,88
1780608023589,1.598,88
1780608023597,1.131,88
1780608023605,0.89,88
1780608023612,0.994,88
1780608023620,1.085,88
1780608023607,1.048,88
1780608023614,1.018,88
1780608023622,1.02,88
1780608023630,1.013,88
1780608023637,1.006,88
1780608023645,1.004,88
1780608023653,0.988,88
1780608023660,0.955,88
1780608023668,0.939,88
1780608023676,0.943,88
1780608023684,0.946,88
1780608023691,0.953,88
1780608023699,0.943,88
1780608023707,0.911,88
1780608023714,0.897,88
1780608023722,0.906,88
1780608023730,0.904,88
1780608023737,0.904,88
1780608023745,0.906,88
1780608023753,0.899,88
1780608023760,0.89,88
1780608023768,0.888,88
1780608023776,0.883,88
1780608023784,0.872,88
1780608023791,0.837,88
1780608023799,0.788,88
1780608023807,0.76,88
1780608023814,0.746,88
1780608023822,0.721,88
1780608023830,0.688,88
1780608023837,0.661,88
1780608023845,0.647,88
1780608023853,0.64,88
1780608023860,0.633,88
1780608023868,0.63,88
1780608023876,0.635,88
1780608023884,0.621,88
1780608023891,0.589,88
1780608023899,0.577,88
1780608023907,0.584,88
1780608023914,0.579,88
1780608023922,0.57,88
1780608023930,0.568,88
1780608023937,0.563,88
1780608023945,0.556,88
1780608023953,0.556,88
1780608023960,0.554,88
1780608023968,0.538,88
1780608023976,0.519,88
1780608023984,0.512,88
1780608023991,0.512,88
1780608023999,0.512,88
1780608024007,0.507,88
1780608024014,0.498,88
1780608024022,0.491,88
1780608024030,0.484,88
1780608024037,0.475,88
1780608024045,0.473,88
1780608024053,0.482,88
1780608024060,0.477,88
1780608024068,0.466,88
1780608024076,0.461,88
1780608024084,0.466,88
1780608024091,0.466,88
1780608024099,0.456,88
1780608024107,0.445,88
1780608024114,0.442,88
1780608024122,0.445,88
1780608024130,0.438,88
1780608024137,0.424,88
1780608024145,0.415,88
1780608024153,0.408,88
1780608024160,0.412,88
1780608024147,0.422,88
1780608024154,0.419,88
1780608024162,0.412,88
1780608024170,0.405,88
1780608024178,0.398,88
1780608024185,0.378,88
1780608024193,0.361,88
1780608024201,0.368,88
1780608024208,0.375,88
1780608024216,0.352,88
1780608024224,0.329,88
1780608024231,0.333,88
1780608024239,0.331,88
1780608024247,0.336,88
1780608024254,0.415,88
1780608024262,0.609,88
1780608024270,0.876,88
1780608024278,0.976,88
1780608024285,0.656,88
1780608024293,0.18,88
1780608024301,0.083,88
1780608024308,0.245,88
1780608024316,0.289,88
1780608024324,0.264,88
1780608024331,0.28,88
1780608024339,0.285,88
1780608024347,0.276,88
1780608024354,0.278,88
1780608024362,0.28,88
1780608024370,0.276,88
1780608024378,0.271,88
1780608024385,0.271,88
1780608024393,0.276,88
1780608024401,0.282,88
1780608024408,0.285,88
1780608024416,0.292,88
1780608024424,0.303,88
1780608024431,0.308,88
1780608024439,0.306,88
1780608024447,0.315,88
1780608024454,0.333,88
1780608024462,0.34,88
1780608024470,0.338,88
1780608024478,0.338,88
1780608024485,0.329,88
1780608024493,0.303,88
1780608024501,0.294,88
1780608024508,0.289,88
1780608024516,0.271,88
1780608024524,0.382,88
1780608024531,0.712,88
1780608024539,0.76,88
1780608024547,0.507,88
1780608024554,0.57,88
1780608024562,0.531,88
1780608024570,0.169,88
1780608024578,0.111,88
1780608024585,0.211,88
1780608024593,0.134,88
1780608024601,0.09,88
1780608024608,0.132,88
1780608024616,0.125,88
1780608024624,0.099,88
1780608024631,0.113,88
1780608024639,0.118,88
1780608024647,0.111,88
1780608024654,0.218,88
1780608024662,0.593,88
1780608024670,0.825,88
1780608024678,0.447,88
1780608024685,0.097,88
1780608024693,0.169,88
1780608024701,0.178,88
1780608024821,0.076,88
1780608024829,0.09,88
1780608024836,0.111,88
1780608024844,0.078,88
1780608024852,0.071,88
1780608024859,0.083,88
1780608024867,0.067,88
1780608024875,0.055,88
1780608024882,0.062,88
1780608024890,0.064,88
1780608024898,0.055,88
1780608024905,0.062,88
1780608024913,0.067,88
1780608024921,0.067,88
1780608024929,0.076,88
1780608024936,0.081,88
1780608024944,0.067,88
1780608024952,0.062,88
1780608024959,0.071,88
1780608024967,0.076,88
1780608024975,0.088,88
1780608024982,0.106,88
1780608024990,0.099,88
1780608024998,0.076,88
1780608025005,0.067,88
1780608025013,0.067,88
1780608025021,0.057,88
1780608025029,0.041,88
1780608025036,0.041,88
1780608025044,0.048,88
1780608025052,0.048,88
1780608025059,0.051,88
1780608025067,0.055,88
1780608025075,0.055,88
1780608025082,0.055,88
1780608025090,0.106,88
1780608025098,0.301,88
1780608025105,0.633,88
1780608025113,0.844,88
1780608025121,0.603,88
1780608025129,0.039,88
1780608025136,-0.224,88
1780608025144,-0.06,88
1780608025152,0.051,88
1780608025159,0.006,88
1780608025167,0.011,88
1780608025175,0.041,88
1780608025182,0.034,88
1780608025190,0.03,88
1780608025198,0.039,88
1780608025205,0.037,88
1780608025213,0.041,88
1780608025221,0.057,88
1780608025229,0.064,88
1780608025236,0.064,88
1780608025244,0.074,88
1780608025252,0.085,88
1780608025259,0.095,88
1780608025267,0.104,88
1780608025275,0.109,88
1780608025282,0.113,88
1780608025290,0.127,88
1780608025298,0.136,88
1780608025305,0.143,88
1780608025313,0.146,88
1780608025321,0.134,88
1780608025329,0.12,88
1780608025336,0.113,88
1780608025344,0.106,88
1780608025352,0.092,88
1780608025359,0.071,88
1780608025367,0.048,88
1780608025375,0.023,88
1780608025316,-0.004,87
1780608025323,-0.025,87
1780608025331,-0.032,87
1780608025339,-0.041,87
1780608025346,-0.074,87
1780608025354,-0.099,87
1780608025362,-0.069,87
1780608025370,-0.03,87
1780608025377,-0.039,87
1780608025385,-0.048,87
1780608025393,-0.034,87
1780608025400,-0.032,87
1780608025408,-0.032,87
1780608025416,-0.02,87
1780608025423,-0.016,87
1780608025431,-0.023,87
1780608025439,-0.025,87
1780608025446,-0.02,87
1780608025454,-0.018,87
1780608025462,-0.011,87
1780608025470,-0.018,87
1780608025477,-0.044,87
1780608025485,-0.051,87
1780608025493,-0.037,87
1780608025500,-0.03,87
1780608025508,-0.034,87
1780608025516,-0.03,87
1780608025523,-0.023,87
1780608025531,-0.018,87
1780608025539,-0.006,87
1780608025546,0.006,87
1780608025554,-0.002,87
1780608025562,-0.02,87
1780608025570,-0.025,87
1780608025577,-0.013,87
1780608025585,0.002,87
1780608025593,0.004,87
1780608025600,-0.002,87
1780608025608,-0.013,87
1780608025616,-0.023,87
1780608025623,-0.02,87
1780608025631,-0.016,87
1780608025639,-0.011,87
1780608025646,0.002,87
1780608025654,0.02,87
1780608025662,0.025,87
1780608025670,0.018,87
1780608025677,0.016,87
1780608025685,0.011,87
1780608025693,-0.002,87
1780608025700,-0.016,87
1780608025708,-0.02,87
1780608025716,-0.018,87
1780608025723,-0.016,87
1780608025731,-0.016,87
1780608025739,-0.013,87
1780608025746,-0.027,87
1780608025754,-0.034,87
1780608025762,0.009,87
1780608025770,0.171,87
1780608025777,0.487,87
1780608025785,0.749,87
1780608025793,0.598,87
1780608025800,0.057,87
1780608025808,-0.269,87
1780608025816,-0.136,87
1780608025823,-0.006,87
1780608025831,-0.044,87
1780608025839,-0.044,87
1780608025846,-0.013,87
1780608025854,-0.025,87
1780608025862,-0.025,87
1780608025870,-0.006,87
1780608025856,0.0,87
1780608025864,-0.002,87
1780608025871,0.002,87
1780608025879,0.011,87
1780608025887,0.018,87
1780608025895,0.027,87
1780608025902,0.039,87
1780608025910,0.041,87
1780608025918,0.044,87
1780608025925,0.051,87
1780608025933,0.064,87
1780608025941,0.071,87
1780608025948,0.062,87
1780608025956,0.053,87
1780608025964,0.064,87
1780608025971,0.074,87
1780608025979,0.064,87
1780608025987,0.055,87
1780608025995,0.041,87
1780608026002,0.023,87
1780608026010,0.004,87
1780608026018,-0.018,87
1780608026025,-0.041,87
1780608026033,-0.055,87
1780608026041,-0.067,87
1780608026048,-0.078,87
1780608026056,-0.085,87
1780608026064,-0.088,87
1780608026071,-0.085,87
1780608026079,-0.085,87
1780608026087,-0.09,87
1780608026095,-0.088,87
1780608026102,-0.083,87
1780608026110,-0.081,87
1780608026118,-0.078,87
1780608026125,-0.078,87
1780608026133,-0.083,87
1780608026141,-0.064,87
1780608026148,-0.03,87
1780608026156,-0.025,87
1780608026164,-0.032,87
1780608026171,-0.025,87
1780608026179,-0.018,87
1780608026187,-0.023,87
1780608026195,-0.025,87
1780608026202,-0.025,87
1780608026210,-0.027,87
1780608026218,-0.034,87
1780608026225,-0.034,87
1780608026233,-0.032,87
1780608026241,-0.034,87
1780608026248,-0.039,87
1780608026256,-0.039,87
1780608026264,-0.046,87
1780608026271,-0.051,87
1780608026279,-0.041,87
1780608026287,-0.032,87
1780608026295,-0.039,87
1780608026302,-0.044,87
1780608026310,-0.039,87
1780608026318,-0.037,87
1780608026325,-0.027,87
1780608026333,-0.013,87
1780608026341,-0.011,87
1780608026348,-0.018,87
1780608026356,-0.016,87
1780608026364,-0.006,87
1780608026371,-0.002,87
1780608026379,0.004,87
1780608026387,0.016,87
1780608026395,0.025,87
1780608026402,0.034,87
1780608026410,0.032,87
1780608026441,0.023,87
1780608026448,0.018,87
1780608026456,0.011,87
1780608026464,-0.011,87
1780608026471,-0.034,87
1780608026479,-0.03,87
1780608026487,-0.018,87
1780608026494,-0.016,87
1780608026502,-0.02,87
1780608026510,-0.034,87
1780608026518,-0.051,87
1780608026525,-0.044,87
1780608026533,0.032,87
1780608026541,0.255,87
1780608026548,0.589,87
1780608026556,0.746,87
1780608026564,0.436,87
1780608026571,-0.097,87
1780608026579,-0.255,87
1780608026587,-0.081,87
1780608026594,-0.023,87
1780608026602,-0.057,87
1780608026610,-0.044,87
1780608026618,-0.032,87
1780608026625,-0.039,87
1780608026633,-0.03,87
1780608026641,-0.025,87
1780608026648,-0.034,87
1780608026656,-0.027,87
1780608026664,-0.013,87
1780608026671,-0.004,87
1780608026679,0.004,87
1780608026687,0.009,87
1780608026694,0.013,87
1780608026702,0.025,87
1780608026710,0.032,87
1780608026718,0.037,87
1780608026725,0.048,87
1780608026733,0.06,87
1780608026741,0.069,87
1780608026748,0.074,87
1780608026756,0.076,87
1780608026764,0.078,87
1780608026771,0.074,87
1780608026779,0.057,87
1780608026787,0.041,87
1780608026794,0.03,87
1780608026802,0.006,87
1780608026810,-0.02,87
1780608026818,-0.039,87
1780608026825,-0.055,87
1780608026833,-0.069,87
1780608026841,-0.078,87
1780608026848,-0.083,87
1780608026856,-0.083,87
1780608026864,-0.081,87
1780608026871,-0.081,87
1780608026879,-0.078,87
1780608026887,-0.074,87
1780608026894,-0.071,87
1780608026902,-0.067,87
1780608026910,-0.06,87
1780608026918,-0.057,87
1780608026925,-0.055,87
1780608026933,-0.046,87
1780608026941,-0.044,87
1780608026948,-0.048,87
1780608026956,-0.06,87
1780608026964,-0.071,87
1780608026971,-0.06,87
1780608026979,-0.046,87
1780608026987,-0.048,87
1780608026994,-0.048,87
1780608026980,-0.041,86
1780608026988,-0.037,86
1780608026996,-0.034,86
1780608027003,-0.034,86
1780608027011,-0.034,86
1780608027019,-0.037,86
1780608027027,-0.039,86
1780608027034,-0.037,86
1780608027042,-0.03,86
1780608027050,-0.032,86
1780608027057,-0.032,86
1780608027065,-0.03,86
1780608027073,-0.039,86
1780608027080,-0.048,86
1780608027088,-0.046,86
1780608027096,-0.046,86
1780608027103,-0.046,86
1780608027111,-0.046,86
1780608027119,-0.057,86
1780608027127,-0.06,86
1780608027134,-0.032,86
1780608027142,-0.011,86
1780608027150,-0.011,86
1780608027157,0.0,86
1780608027165,0.006,86
1780608027173,0.0,86
1780608027180,0.004,86
1780608027188,0.009,86
1780608027196,-0.011,86
1780608027203,-0.039,86
1780608027211,-0.048,86
1780608027219,-0.051,86
1780608027227,-0.051,86
1780608027234,-0.048,86
1780608027242,-0.046,86
1780608027250,-0.041,86
1780608027257,-0.039,86
1780608027265,-0.013,86
1780608027273,0.109,86
1780608027280,0.375,86
1780608027288,0.637,86
1780608027296,0.577,86
1780608027303,0.118,86
1780608027311,-0.266,86
1780608027319,-0.208,86
1780608027327,-0.051,86
1780608027334,-0.057,86
1780608027342,-0.081,86
1780608027350,-0.067,86
1780608027357,-0.069,86
1780608027365,-0.067,86
1780608027373,-0.048,86
1780608027380,-0.037,86
1780608027388,-0.03,86
1780608027396,-0.025,86
1780608027403,-0.027,86
1780608027411,-0.03,86
1780608027419,-0.025,86
1780608027427,-0.02,86
1780608027434,-0.02,86
1780608027442,-0.013,86
1780608027450,-0.002,86
1780608027457,0.011,86
1780608027465,0.025,86
1780608027473,0.034,86
1780608027480,0.027,86
1780608027488,0.027,86
1780608027496,0.039,86
1780608027503,0.041,86
1780608027511,0.034,86
1780608027519,0.025,86
1780608027527,0.009,86
1780608027534,-0.011,86
1780608027521,-0.037,86
1780608027528,-0.06,86
1780608027536,-0.078,86
1780608027544,-0.092,86
1780608027552,-0.106,86
1780608027559,-0.111,86
1780608027567,-0.106,86
1780608027575,-0.106,86
1780608027582,-0.111,86
1780608027590,-0.115,86
1780608027598,-0.106,86
1780608027605,-0.095,86
1780608027613,-0.095,86
1780608027621,-0.09,86
1780608027628,-0.083,86
1780608027636,-0.095,86
1780608027644,-0.099,86
1780608027652,-0.088,86
1780608027659,-0.076,86
1780608027667,-0.076,86
1780608027675,-0.074,86
1780608027682,-0.078,86
1780608027690,-0.083,86
1780608027698,-0.071,86
1780608027705,-0.064,86
1780608027713,-0.067,86
1780608027721,-0.067,86
1780608027728,-0.071,86
1780608027736,-0.078,86
1780608027744,-0.074,86
1780608027752,-0.064,86
1780608027759,-0.057,86
1780608027767,-0.055,86
1780608027775,-0.053,86
1780608027782,-0.053,86
1780608027790,-0.051,86
1780608027798,-0.051,86
1780608027805,-0.053,86
1780608027813,-0.055,86
1780608027821,-0.062,86
1780608027828,-0.064,86
1780608027836,-0.057,86
1780608027844,-0.055,86
1780608027852,-0.051,86
1780608027859,-0.048,86
1780608027867,-0.048,86
1780608027875,-0.041,86
1780608027882,-0.025,86
1780608027890,-0.011,86
1780608027898,0.006,86
1780608027905,0.016,86
1780608027913,0.0,86
1780608027921,-0.011,86
1780608027928,-0.006,86
1780608027936,-0.013,86
1780608027944,-0.037,86
1780608027952,-0.046,86
1780608027959,-0.037,86
1780608027967,-0.03,86
1780608027975,-0.027,86
1780608027982,-0.025,86
1780608027990,-0.03,86
1780608027998,-0.039,86
1780608028005,-0.023,86
1780608028013,0.064,86
1780608028021,0.28,86
1780608028028,0.565,86
1780608028036,0.64,86
1780608028044,0.282,86
1780608028052,-0.18,86
1780608028059,-0.245,86
1780608028067,-0.067,86
1780608028075,-0.02,86
1780608028105,-0.041,86
1780608028113,-0.032,86
1780608028120,-0.03,86
1780608028128,-0.027,86
1780608028136,-0.013,86
1780608028143,-0.009,86
1780608028151,-0.011,86
1780608028159,-0.011,86
1780608028166,-0.006,86
1780608028174,0.009,86
1780608028182,0.025,86
1780608028189,0.03,86
1780608028197,0.03,86
1780608028205,0.027,86
1780608028213,0.037,86
1780608028220,0.051,86
1780608028228,0.062,86
1780608028236,0.069,86
1780608028243,0.081,86
1780608028251,0.09,86
1780608028259,0.102,86
1780608028266,0.106,86
1780608028274,0.102,86
1780608028282,0.092,86
1780608028289,0.074,86
1780608028297,0.06,86
1780608028305,0.046,86
1780608028313,0.023,86
1780608028320,-0.006,86
1780608028328,-0.032,86
1780608028336,-0.048,86
1780608028343,-0.057,86
1780608028351,-0.053,86
1780608028359,-0.046,86
1780608028366,-0.051,86
1780608028374,-0.053,86
1780608028382,-0.053,86
1780608028389,-0.053,86
1780608028397,-0.041,86
1780608028405,-0.032,86
1780608028413,-0.032,86
1780608028420,-0.027,86
1780608028428,-0.023,86
1780608028436,-0.025,86
1780608028443,-0.025,86
1780608028451,-0.018,86
1780608028459,-0.016,86
1780608028466,-0.02,86
1780608028474,-0.016,86
1780608028482,-0.009,86
1780608028489,-0.006,86
1780608028497,-0.009,86
1780608028505,-0.016,86
1780608028513,-0.025,86
1780608028520,-0.037,86
1780608028528,-0.041,86
1780608028536,-0.037,86
1780608028543,-0.032,86
1780608028551,-0.027,86
1780608028559,-0.023,86
1780608028566,-0.027,86
1780608028574,-0.03,86
1780608028582,-0.025,86
1780608028589,-0.02,86
1780608028597,-0.023,86
1780608028605,-0.025,86
1780608028613,-0.02,86
1780608028620,-0.018,86
1780608028628,-0.018,86
1780608028636,-0.016,86
1780608028643,-0.011,86
1780608028651,-0.013,86
1780608028659,-0.013,86
1780608028689,-0.004,86
1780608028697,0.011,86
1780608028704,0.023,86
1780608028712,0.011,86
1780608028720,-0.004,86
1780608028727,-0.004,86
1780608028735,-0.011,86
1780608028743,-0.023,86
1780608028751,-0.032,86
1780608028758,-0.039,86
1780608028766,-0.046,86
1780608028774,-0.039,86
1780608028781,-0.027,86
1780608028789,-0.032,86
1780608028797,-0.041,86
1780608028804,-0.025,86
1780608028812,0.048,86
1780608028820,0.245,86
1780608028827,0.552,86
1780608028835,0.702,86
1780608028843,0.401,86
1780608028851,-0.139,86
1780608028858,-0.306,86
1780608028866,-0.115,86
1780608028874,-0.039,86
1780608028881,-0.074,86
1780608028889,-0.062,86
1780608028897,-0.069,86
1780608028904,-0.081,86
1780608028912,-0.057,86
1780608028920,-0.046,86
1780608028927,-0.055,86
1780608028935,-0.051,86
1780608028943,-0.046,86
1780608028951,-0.032,86
1780608028958,-0.011,86
1780608028966,-0.013,86
1780608028974,-0.023,86
1780608028981,-0.004,86
1780608028989,0.02,86
1780608028997,0.034,86
1780608029004,0.034,86
1780608029012,0.037,86
1780608029020,0.041,86
1780608029027,0.051,86
1780608029035,0.06,86
1780608029043,0.057,86
1780608029051,0.044,86
1780608029058,0.032,86
1780608029066,0.02,86
1780608029074,-0.006,86
1780608029081,-0.041,86
1780608029089,-0.067,86
1780608029097,-0.088,86
1780608029104,-0.109,86
1780608029112,-0.115,86
1780608029120,-0.115,86
1780608029127,-0.132,86
1780608029135,-0.139,86
1780608029143,-0.12,86
1780608029151,-0.111,86
1780608029158,-0.118,86
1780608029166,-0.113,86
1780608029174,-0.109,86
1780608029181,-0.106,86
1780608029189,-0.099,86
1780608029197,-0.088,86
1780608029204,-0.085,86
1780608029212,-0.085,86
1780608029220,-0.078,86
1780608029227,-0.071,86
1780608029235,-0.074,86
1780608029243,-0.076,86
1780608029230,-0.076,85
1780608029237,-0.081,85
1780608029245,-0.083,85
1780608029253,-0.09,85
1780608029261,-0.102,85
1780608029268,-0.102,85
1780608029276,-0.085,85
1780608029284,-0.074,85
1780608029291,-0.078,85
1780608029299,-0.083,85
1780608029307,-0.085,85
1780608029314,-0.083,85
1780608029322,-0.083,85
1780608029330,-0.085,85
1780608029337,-0.09,85
1780608029345,-0.085,85
1780608029353,-0.071,85
1780608029361,-0.067,85
1780608029368,-0.074,85
1780608029376,-0.071,85
1780608029384,-0.067,85
1780608029391,-0.067,85
1780608029399,-0.069,85
1780608029407,-0.069,85
1780608029414,-0.071,85
1780608029422,-0.071,85
1780608029430,-0.048,85
1780608029437,-0.025,85
1780608029445,-0.032,85
1780608029453,-0.041,85
1780608029461,-0.037,85
1780608029468,-0.037,85
1780608029476,-0.053,85
1780608029484,-0.064,85
1780608029491,-0.062,85
1780608029499,-0.064,85
1780608029507,-0.074,85
1780608029514,-0.071,85
1780608029522,-0.06,85
1780608029530,-0.06,85
1780608029537,-0.064,85
1780608029545,-0.025,85
1780608029553,0.139,85
1780608029561,0.44,85
1780608029568,0.663,85
1780608029576,0.507,85
1780608029584,0.03,85
1780608029591,-0.271,85
1780608029599,-0.19,85
1780608029607,-0.071,85
1780608029614,-0.088,85
1780608029622,-0.104,85
1780608029630,-0.088,85
1780608029637,-0.085,85
1780608029645,-0.083,85
1780608029653,-0.069,85
1780608029661,-0.06,85
1780608029668,-0.062,85
1780608029676,-0.055,85
1780608029684,-0.039,85
1780608029691,-0.032,85
1780608029699,-0.027,85
1780608029707,-0.016,85
1780608029714,-0.009,85
1780608029722,-0.002,85
1780608029730,0.013,85
1780608029737,0.02,85
1780608029745,0.02,85
1780608029753,0.032,85
1780608029761,0.039,85
1780608029768,0.037,85
1780608029776,0.032,85
1780608029784,0.025,85
1780608029770,0.018,85
1780608029777,0.009,85
1780608029785,-0.009,85
1780608029793,-0.032,85
1780608029800,-0.055,85
1780608029808,-0.078,85
1780608029816,-0.09,85
1780608029823,-0.097,85
1780608029831,-0.104,85
1780608029839,-0.115,85
1780608029847,-0.122,85
1780608029854,-0.122,85
1780608029862,-0.113,85
1780608029870,-0.109,85
1780608029877,-0.109,85
1780608029885,-0.104,85
1780608029893,-0.095,85
1780608029900,-0.09,85
1780608029908,-0.083,85
1780608029916,-0.083,85
1780608029923,-0.095,85
1780608029931,-0.106,85
1780608029939,-0.106,85
1780608029947,-0.092,85
1780608029954,-0.085,85
1780608029962,-0.088,85
1780608029970,-0.083,85
1780608029977,-0.081,85
1780608029985,-0.078,85
1780608029993,-0.069,85
1780608030000,-0.064,85
1780608030008,-0.064,85
1780608030016,-0.064,85
1780608030023,-0.064,85
1780608030031,-0.071,85
1780608030039,-0.069,85
1780608030047,-0.06,85
1780608030054,-0.057,85
1780608030062,-0.067,85
1780608030070,-0.081,85
1780608030077,-0.078,85
1780608030085,-0.067,85
1780608030093,-0.06,85
1780608030100,-0.053,85
1780608030108,-0.048,85
1780608030116,-0.055,85
1780608030123,-0.06,85
1780608030131,-0.062,85
1780608030139,-0.053,85
1780608030147,-0.046,85
1780608030154,-0.046,85
1780608030162,-0.025,85
1780608030170,-0.004,85
1780608030177,-0.018,85
1780608030185,-0.03,85
1780608030193,-0.023,85
1780608030200,-0.023,85
1780608030208,-0.046,85
1780608030216,-0.057,85
1780608030223,-0.055,85
1780608030231,-0.048,85
1780608030239,-0.041,85
1780608030247,-0.051,85
1780608030254,-0.069,85
1780608030262,-0.069,85
1780608030270,-0.046,85
1780608030277,0.032,85
1780608030285,0.243,85
1780608030293,0.531,85
1780608030300,0.596,85
1780608030308,0.262,85
1780608030316,-0.162,85
1780608030323,-0.241,85
1780608030354,-0.092,84
1780608030362,-0.057,84
1780608030369,-0.102,84
1780608030377,-0.09,84
1780608030385,-0.064,84
1780608030393,-0.071,84
1780608030400,-0.074,84
1780608030408,-0.069,84
1780608030416,-0.069,84
1780608030423,-0.064,84
1780608030431,-0.057,84
1780608030439,-0.053,84
1780608030446,-0.039,84
1780608030454,-0.032,84
1780608030462,-0.037,84
1780608030469,-0.025,84
1780608030477,-0.011,84
1780608030485,-0.009,84
1780608030493,-0.002,84
1780608030500,0.002,84
1780608030508,0.0,84
1780608030516,0.011,84
1780608030523,0.02,84
1780608030531,0.018,84
1780608030539,0.013,84
1780608030546,-0.002,84
1780608030554,-0.011,84
1780608030562,-0.016,84
1780608030569,-0.039,84
1780608030577,-0.069,84
1780608030585,-0.076,84
1780608030593,-0.085,84
1780608030600,-0.104,84
1780608030608,-0.111,84
1780608030616,-0.111,84
1780608030623,-0.111,84
1780608030631,-0.111,84
1780608030639,-0.12,84
1780608030646,-0.12,84
1780608030654,-0.106,84
1780608030662,-0.097,84
1780608030669,-0.092,84
1780608030677,-0.095,84
1780608030685,-0.095,84
1780608030693,-0.081,84
1780608030700,-0.071,84
1780608030708,-0.078,84
1780608030716,-0.081,84
1780608030723,-0.078,84
1780608030731,-0.078,84
1780608030739,-0.071,84
1780608030746,-0.06,84
1780608030754,-0.06,84
1780608030762,-0.069,84
1780608030769,-0.076,84
1780608030777,-0.074,84
1780608030785,-0.067,84
1780608030793,-0.074,84
1780608030800,-0.078,84
1780608030808,-0.076,84
1780608030816,-0.083,84
1780608030823,-0.085,84
1780608030831,-0.078,84
1780608030839,-0.074,84
1780608030846,-0.069,84
1780608030854,-0.067,84
1780608030862,-0.069,84
1780608030869,-0.062,84
1780608030877,-0.057,84
1780608030885,-0.064,84
1780608030893,-0.067,84
1780608030900,-0.062,84
1780608030908,-0.06,84
1780608030897,-0.053,82
1780608030905,-0.041,82
1780608030913,-0.032,82
1780608030920,-0.032,82
1780608030928,-0.03,82
1780608030936,-0.03,82
1780608030943,-0.048,82
1780608030951,-0.076,82
1780608030959,-0.09,82
1780608030967,-0.088,82
1780608030974,-0.097,82
1780608030982,-0.106,82
1780608030990,-0.099,82
1780608030997,-0.092,82
1780608031005,-0.095,82
1780608031013,-0.085,82
1780608031020,-0.039,82
1780608031028,0.118,82
1780608031036,0.396,82
1780608031043,0.575,82
1780608031051,0.361,82
1780608031059,-0.102,82
1780608031067,-0.301,82
1780608031074,-0.169,82
1780608031082,-0.069,82
1780608031090,-0.09,82
1780608031097,-0.099,82
1780608031105,-0.095,82
1780608031113,-0.097,82
1780608031120,-0.095,82
1780608031128,-0.092,82
1780608031136,-0.088,82
1780608031143,-0.074,82
1780608031151,-0.069,82
1780608031159,-0.078,82
1780608031167,-0.076,82
1780608031174,-0.057,82
1780608031182,-0.044,82
1780608031190,-0.039,82
1780608031197,-0.037,82
1780608031205,-0.027,82
1780608031213,-0.013,82
1780608031220,-0.011,82
1780608031228,-0.009,82
1780608031236,-0.002,82
1780608031243,0.0,82
1780608031251,0.0,82
1780608031259,-0.004,82
1780608031267,-0.016,82
1780608031274,-0.03,82
1780608031282,-0.041,82
1780608031290,-0.053,82
1780608031297,-0.067,82
1780608031305,-0.081,82
1780608031313,-0.104,82
1780608031320,-0.118,82
1780608031328,-0.122,82
1780608031336,-0.134,82
1780608031343,-0.141,82
1780608031351,-0.136,82
1780608031359,-0.132,82
1780608031367,-0.125,82
1780608031374,-0.118,82
1780608031382,-0.111,82
1780608031390,-0.104,82
1780608031397,-0.095,82
1780608031405,-0.092,82
1780608031413,-0.09,82
1780608031420,-0.09,82
1780608031428,-0.088,82
1780608031436,-0.083,82
1780608031443,-0.085,82
1780608031451,-0.092,82
1780608031434,-0.092,82
1780608031442,-0.088,82
1780608031450,-0.088,82
1780608031457,-0.083,82
1780608031465,-0.083,82
1780608031473,-0.081,82
1780608031480,-0.085,82
1780608031488,-0.099,82
1780608031496,-0.109,82
1780608031503,-0.099,82
1780608031511,-0.095,82
1780608031519,-0.099,82
1780608031526,-0.095,82
1780608031534,-0.088,82
1780608031542,-0.088,82
1780608031550,-0.085,82
1780608031557,-0.074,82
1780608031565,-0.071,82
1780608031573,-0.071,82
1780608031580,-0.071,82
1780608031588,-0.071,82
1780608031596,-0.062,82
1780608031603,-0.06,82
1780608031611,-0.06,82
1780608031619,-0.044,82
1780608031626,-0.023,82
1780608031634,-0.025,82
1780608031642,-0.037,82
1780608031650,-0.032,82
1780608031657,-0.034,82
1780608031665,-0.062,82
1780608031673,-0.092,82
1780608031680,-0.09,82
1780608031688,-0.076,82
1780608031696,-0.076,82
1780608031703,-0.076,82
1780608031711,-0.076,82
1780608031719,-0.078,82
1780608031726,-0.064,82
1780608031734,-0.011,82
1780608031742,0.132,82
1780608031750,0.378,82
1780608031757,0.524,82
1780608031765,0.282,82
1780608031773,-0.162,82
1780608031780,-0.306,82
1780608031788,-0.155,82
1780608031796,-0.078,82
1780608031803,-0.095,82
1780608031811,-0.09,82
1780608031819,-0.092,82
1780608031826,-0.097,82
1780608031834,-0.081,82
1780608031842,-0.071,82
1780608031850,-0.071,82
1780608031857,-0.069,82
1780608031865,-0.062,82
1780608031873,-0.06,82
1780608031880,-0.048,82
1780608031888,-0.037,82
1780608031896,-0.03,82
1780608031903,-0.023,82
1780608031911,-0.018,82
1780608031919,-0.018,82
1780608031926,-0.016,82
1780608031934,-0.009,82
1780608031942,-0.004,82
1780608031950,0.0,82
1780608031957,0.002,82
1780608031965,0.0,82
1780608031973,-0.011,82
1780608031980,-0.03,82
1780608031988,-0.041,82
1780608032019,-0.048,82
1780608032027,-0.06,82
1780608032034,-0.078,82
1780608032042,-0.092,82
1780608032050,-0.115,82
1780608032057,-0.139,82
1780608032065,-0.136,82
1780608032073,-0.125,82
1780608032081,-0.127,82
1780608032088,-0.134,82
1780608032096,-0.125,82
1780608032104,-0.111,82
1780608032111,-0.104,82
1780608032119,-0.106,82
1780608032127,-0.097,82
1780608032134,-0.092,82
1780608032142,-0.09,82
1780608032150,-0.088,82
1780608032157,-0.083,82
1780608032165,-0.078,82
1780608032173,-0.074,82
1780608032181,-0.078,82
1780608032188,-0.09,82
1780608032196,-0.092,82
1780608032204,-0.081,82
1780608032211,-0.076,82
1780608032219,-0.078,82
1780608032227,-0.081,82
1780608032234,-0.078,82
1780608032242,-0.076,82
1780608032250,-0.074,82
1780608032257,-0.074,82
1780608032265,-0.074,82
1780608032273,-0.078,82
1780608032281,-0.078,82
1780608032288,-0.071,82
1780608032296,-0.064,82
1780608032304,-0.06,82
1780608032311,-0.06,82
1780608032319,-0.064,82
1780608032327,-0.067,82
1780608032334,-0.062,82
1780608032342,-0.057,82
1780608032350,-0.053,82
1780608032357,-0.041,82
1780608032365,-0.03,82
1780608032373,-0.032,82
1780608032381,-0.041,82
1780608032388,-0.037,82
1780608032396,-0.032,82
1780608032404,-0.048,82
1780608032411,-0.074,82
1780608032419,-0.083,82
1780608032427,-0.071,82
1780608032434,-0.067,82
1780608032442,-0.071,82
1780608032450,-0.069,82
1780608032457,-0.074,82
1780608032465,-0.076,82
1780608032473,-0.044,82
1780608032481,0.074,82
1780608032488,0.315,82
1780608032496,0.561,82
1780608032504,0.491,82
1780608032511,0.03,82
1780608032519,-0.329,82
1780608032527,-0.248,82
1780608032534,-0.09,82
1780608032542,-0.095,82
1780608032550,-0.102,82
1780608032557,-0.081,82
1780608032565,-0.081,82
1780608032573,-0.076,82
1780608032648,-0.062,82
1780608032656,-0.06,82
1780608032664,-0.062,82
1780608032672,-0.057,82
1780608032679,-0.046,82
1780608032687,-0.039,82
1780608032695,-0.037,82
1780608032702,-0.039,82
1780608032710,-0.041,82
1780608032718,-0.03,82
1780608032725,-0.016,82
1780608032733,-0.004,82
1780608032741,0.002,82
1780608032748,0.009,82
1780608032756,0.011,82
1780608032764,0.011,82
1780608032772,0.013,82
1780608032779,0.011,82
1780608032787,0.0,82
1780608032795,-0.02,82
1780608032802,-0.037,82
1780608032810,-0.046,82
1780608032818,-0.062,82
1780608032825,-0.076,82
1780608032833,-0.088,82
1780608032841,-0.097,82
1780608032848,-0.104,82
1780608032856,-0.109,82
1780608032864,-0.106,82
1780608032872,-0.099,82
1780608032879,-0.099,82
1780608032887,-0.095,82
1780608032895,-0.088,82
1780608032902,-0.083,82
1780608032910,-0.076,82
1780608032918,-0.069,82
1780608032925,-0.064,82
1780608032933,-0.057,82
1780608032941,-0.055,82
1780608032948,-0.057,82
1780608032956,-0.055,82
1780608032964,-0.048,82
1780608032972,-0.055,82
1780608032979,-0.064,82
1780608032987,-0.06,82
1780608032995,-0.055,82
1780608033002,-0.057,82
1780608033010,-0.053,82
1780608033018,-0.051,82
1780608033025,-0.057,82
1780608033033,-0.062,82
1780608033041,-0.057,82
1780608033048,-0.055,82
1780608033056,-0.06,82
1780608033064,-0.06,82
1780608033072,-0.055,82
1780608033079,-0.053,82
1780608033087,-0.048,82
1780608033095,-0.046,82
1780608033102,-0.046,82
1780608033110,-0.044,82
1780608033118,-0.044,82
1780608033125,-0.044,82
1780608033133,-0.039,82
1780608033141,-0.02,82
1780608033148,-0.002,82
1780608033156,-0.009,82
1780608033164,-0.025,82
1780608033172,-0.027,82
1780608033179,-0.027,82
1780608033187,-0.046,82
1780608033195,-0.074,82
1780608033202,-0.083,82
1780608033146,-0.069,81
1780608033154,-0.064,81
1780608033162,-0.067,81
1780608033169,-0.064,81
1780608033177,-0.076,81
1780608033185,-0.071,81
1780608033192,-0.016,81
1780608033200,0.122,81
1780608033208,0.382,81
1780608033215,0.614,81
1780608033223,0.482,81
1780608033231,-0.004,81
1780608033238,-0.296,81
1780608033246,-0.176,81
1780608033254,-0.048,81
1780608033262,-0.067,81
1780608033269,-0.078,81
1780608033277,-0.069,81
1780608033285,-0.067,81
1780608033292,-0.057,81
1780608033300,-0.048,81
1780608033308,-0.046,81
1780608033315,-0.046,81
1780608033323,-0.034,81
1780608033331,-0.018,81
1780608033338,-0.013,81
1780608033346,-0.006,81
1780608033354,0.002,81
1780608033362,0.004,81
1780608033369,0.004,81
1780608033377,0.013,81
1780608033385,0.018,81
1780608033392,0.025,81
1780608033400,0.03,81
1780608033408,0.03,81
1780608033415,0.03,81
1780608033423,0.032,81
1780608033431,0.025,81
1780608033438,0.013,81
1780608033446,0.004,81
1780608033454,-0.006,81
1780608033462,-0.025,81
1780608033469,-0.055,81
1780608033477,-0.081,81
1780608033485,-0.099,81
1780608033492,-0.113,81
1780608033500,-0.12,81
1780608033508,-0.118,81
1780608033515,-0.111,81
1780608033523,-0.106,81
1780608033531,-0.106,81
1780608033538,-0.106,81
1780608033546,-0.102,81
1780608033554,-0.095,81
1780608033562,-0.088,81
1780608033569,-0.083,81
1780608033577,-0.085,81
1780608033585,-0.09,81
1780608033592,-0.088,81
1780608033600,-0.081,81
1780608033608,-0.074,81
1780608033615,-0.071,81
1780608033623,-0.069,81
1780608033631,-0.067,81
1780608033638,-0.067,81
1780608033646,-0.067,81
1780608033654,-0.06,81
1780608033662,-0.055,81
1780608033669,-0.057,81
1780608033677,-0.064,81
1780608033685,-0.06,81
1780608033692,-0.053,81
1780608033700,-0.053,81
1780608033729,-0.053,81
1780608033736,-0.051,81
1780608033744,-0.057,81
1780608033752,-0.06,81
1780608033759,-0.053,81
1780608033767,-0.053,81
1780608033775,-0.062,81
1780608033782,-0.071,81
1780608033790,-0.083,81
1780608033798,-0.083,81
1780608033806,-0.069,81
1780608033813,-0.064,81
1780608033821,-0.048,81
1780608033829,-0.023,81
1780608033836,-0.025,81
1780608033844,-0.039,81
1780608033852,-0.032,81
1780608033859,-0.032,81
1780608033867,-0.053,81
1780608033875,-0.069,81
1780608033882,-0.067,81
1780608033890,-0.055,81
1780608033898,-0.051,81
1780608033906,-0.055,81
1780608033913,-0.06,81
1780608033921,-0.06,81
1780608033929,-0.048,81
1780608033936,0.0,81
1780608033944,0.155,81
1780608033952,0.433,81
1780608033959,0.621,81
1780608033967,0.401,81
1780608033975,-0.102,81
1780608033982,-0.317,81
1780608033990,-0.176,81
1780608033998,-0.088,81
1780608034006,-0.102,81
1780608034013,-0.092,81
1780608034021,-0.083,81
1780608034029,-0.085,81
1780608034036,-0.071,81
1780608034044,-0.06,81
1780608034052,-0.062,81
1780608034059,-0.055,81
1780608034067,-0.046,81
1780608034075,-0.037,81
1780608034082,-0.03,81
1780608034090,-0.02,81
1780608034098,-0.02,81
1780608034106,-0.018,81
1780608034113,-0.002,81
1780608034121,0.006,81
1780608034129,0.011,81
1780608034136,0.013,81
1780608034144,0.013,81
1780608034152,0.011,81
1780608034159,0.018,81
1780608034167,0.023,81
1780608034175,0.016,81
1780608034182,0.006,81
1780608034190,-0.004,81
1780608034198,-0.023,81
1780608034206,-0.044,81
1780608034213,-0.067,81
1780608034221,-0.083,81
1780608034229,-0.095,81
1780608034236,-0.109,81
1780608034244,-0.125,81
1780608034252,-0.127,81
1780608034259,-0.122,81
1780608034267,-0.115,81
1780608034275,-0.113,81
1780608034282,-0.115,81
1780608034312,-0.111,81
1780608034319,-0.099,81
1780608034327,-0.095,81
1780608034335,-0.095,81
1780608034342,-0.099,81
1780608034350,-0.099,81
1780608034358,-0.095,81
1780608034365,-0.09,81
1780608034373,-0.088,81
1780608034381,-0.085,81
1780608034388,-0.088,81
1780608034396,-0.097,81
1780608034404,-0.097,81
1780608034412,-0.09,81
1780608034419,-0.088,81
1780608034427,-0.09,81
1780608034435,-0.085,81
1780608034442,-0.085,81
1780608034450,-0.088,81
1780608034458,-0.083,81
1780608034465,-0.076,81
1780608034473,-0.074,81
1780608034481,-0.074,81
1780608034488,-0.078,81
1780608034496,-0.078,81
1780608034504,-0.076,81
1780608034512,-0.083,81
1780608034519,-0.09,81
1780608034527,-0.095,81
1780608034535,-0.092,81
1780608034542,-0.09,81
1780608034550,-0.088,81
1780608034558,-0.083,81
1780608034565,-0.078,81
1780608034573,-0.078,81
1780608034581,-0.069,81
1780608034588,-0.046,81
1780608034596,-0.032,81
1780608034604,-0.037,81
1780608034612,-0.041,81
1780608034619,-0.044,81
1780608034627,-0.055,81
1780608034635,-0.069,81
1780608034642,-0.074,81
1780608034650,-0.064,81
1780608034658,-0.062,81
1780608034665,-0.069,81
1780608034673,-0.071,81
1780608034681,-0.069,81
1780608034688,-0.062,81
1780608034696,-0.023,81
1780608034704,0.106,81
1780608034712,0.364,81
1780608034719,0.593,81
1780608034727,0.463,81
1780608034735,-0.013,81
1780608034742,-0.31,81
1780608034750,-0.208,81
1780608034758,-0.083,81
1780608034765,-0.09,81
1780608034773,-0.092,81
1780608034781,-0.078,81
1780608034788,-0.078,81
1780608034796,-0.078,81
1780608034804,-0.064,81
1780608034812,-0.055,81
1780608034819,-0.051,81
1780608034827,-0.044,81
1780608034835,-0.039,81
1780608034842,-0.037,81
1780608034850,-0.025,81
1780608034858,-0.013,81
1780608034865,-0.011,81
1780608034808,-0.002,81
1780608034816,0.004,81
1780608034823,-0.002,81
1780608034831,-0.002,81
1780608034839,0.016,81
1780608034846,0.027,81
1780608034854,0.023,81
1780608034862,0.013,81
1780608034870,0.006,81
1780608034877,0.006,81
1780608034885,0.002,81
1780608034893,-0.013,81
1780608034900,-0.037,81
1780608034908,-0.064,81
1780608034916,-0.09,81
1780608034923,-0.102,81
1780608034931,-0.118,81
1780608034939,-0.134,81
1780608034946,-0.134,81
1780608034954,-0.139,81
1780608034962,-0.153,81
1780608034970,-0.143,81
1780608034977,-0.129,81
1780608034985,-0.127,81
1780608034993,-0.127,81
1780608035000,-0.127,81
1780608035008,-0.125,81
1780608035016,-0.113,81
1780608035023,-0.106,81
1780608035031,-0.104,81
1780608035039,-0.097,81
1780608035046,-0.092,81
1780608035054,-0.088,81
1780608035062,-0.081,81
1780608035070,-0.076,81
1780608035077,-0.076,81
1780608035085,-0.078,81
1780608035093,-0.078,81
1780608035100,-0.078,81
1780608035108,-0.074,81
1780608035116,-0.067,81
1780608035123,-0.067,81
1780608035131,-0.069,81
1780608035139,-0.078,81
1780608035146,-0.083,81
1780608035154,-0.078,81
1780608035162,-0.076,81
1780608035170,-0.076,81
1780608035177,-0.071,81
1780608035185,-0.069,81
1780608035193,-0.071,81
1780608035200,-0.069,81
1780608035208,-0.06,81
1780608035216,-0.053,81
1780608035223,-0.053,81
1780608035231,-0.053,81
1780608035239,-0.046,81
1780608035246,-0.041,81
1780608035254,-0.046,81
1780608035262,-0.044,81
1780608035270,-0.034,81
1780608035277,-0.016,81
1780608035285,0.0,81
1780608035293,-0.006,81
1780608035300,-0.011,81
1780608035308,-0.004,81
1780608035316,-0.018,81
1780608035323,-0.037,81
1780608035331,-0.041,81
1780608035339,-0.039,81
1780608035346,-0.039,81
1780608035354,-0.041,81
1780608035362,-0.044,81
1780608035393,-0.039,81
1780608035401,-0.039,81
1780608035408,-0.041,81
1780608035416,-0.004,81
1780608035424,0.15,81
1780608035431,0.433,81
1780608035439,0.661,81
1780608035447,0.51,81
1780608035454,0.004,81
1780608035462,-0.303,81
1780608035470,-0.185,81
1780608035478,-0.057,81
1780608035485,-0.085,81
1780608035493,-0.09,81
1780608035501,-0.067,81
1780608035508,-0.074,81
1780608035516,-0.083,81
1780608035524,-0.078,81
1780608035531,-0.064,81
1780608035539,-0.053,81
1780608035547,-0.057,81
1780608035554,-0.057,81
1780608035562,-0.032,81
1780608035570,-0.006,81
1780608035578,-0.006,81
1780608035585,-0.009,81
1780608035593,0.0,81
1780608035601,0.009,81
1780608035608,0.011,81
1780608035616,0.016,81
1780608035624,0.03,81
1780608035631,0.044,81
1780608035639,0.046,81
1780608035647,0.048,81
1780608035654,0.041,81
1780608035662,0.03,81
1780608035670,0.023,81
1780608035678,0.009,81
1780608035685,-0.02,81
1780608035693,-0.055,81
1780608035701,-0.088,81
1780608035708,-0.109,81
1780608035716,-0.12,81
1780608035724,-0.127,81
1780608035731,-0.134,81
1780608035739,-0.139,81
1780608035747,-0.148,81
1780608035754,-0.15,81
1780608035762,-0.143,81
1780608035770,-0.129,81
1780608035778,-0.12,81
1780608035785,-0.118,81
1780608035793,-0.115,81
1780608035801,-0.111,81
1780608035808,-0.106,81
1780608035816,-0.099,81
1780608035824,-0.095,81
1780608035831,-0.097,81
1780608035839,-0.102,81
1780608035847,-0.097,81
1780608035854,-0.092,81
1780608035862,-0.085,81
1780608035870,-0.085,81
1780608035878,-0.092,81
1780608035885,-0.102,81
1780608035893,-0.099,81
1780608035901,-0.09,81
1780608035908,-0.09,81
1780608035916,-0.095,81
1780608035924,-0.097,81
1780608035931,-0.099,81
1780608035939,-0.099,81
1780608035947,-0.097,81
1780608035978,-0.097,82
1780608035986,-0.099,82
1780608035993,-0.097,82
1780608036001,-0.095,82
1780608036009,-0.09,82
1780608036017,-0.088,82
1780608036024,-0.092,82
1780608036032,-0.097,82
1780608036040,-0.102,82
1780608036047,-0.102,82
1780608036055,-0.09,82
1780608036063,-0.083,82
1780608036070,-0.081,82
1780608036078,-0.09,82
1780608036086,-0.097,82
1780608036093,-0.095,82
1780608036101,-0.09,82
1780608036109,-0.09,82
1780608036117,-0.085,82
1780608036124,-0.076,82
1780608036132,-0.06,82
1780608036140,-0.046,82
1780608036147,-0.044,82
1780608036155,-0.051,82
1780608036163,-0.051,82
1780608036170,-0.051,82
1780608036178,-0.064,82
1780608036186,-0.085,82
1780608036193,-0.085,82
1780608036201,-0.078,82
1780608036209,-0.085,82
1780608036217,-0.085,82
1780608036224,-0.078,82
1780608036232,-0.088,82
1780608036240,-0.09,82
1780608036247,-0.034,82
1780608036255,0.127,82
1780608036263,0.389,82
1780608036270,0.572,82
1780608036278,0.415,82
1780608036286,-0.018,82
1780608036293,-0.271,82
1780608036301,-0.18,82
1780608036309,-0.078,82
1780608036317,-0.102,82
1780608036324,-0.12,82
1780608036332,-0.109,82
1780608036340,-0.109,82
1780608036347,-0.104,82
1780608036355,-0.095,82
1780608036363,-0.092,82
1780608036370,-0.083,82
1780608036378,-0.069,82
1780608036386,-0.064,82
1780608036393,-0.057,82
1780608036401,-0.051,82
1780608036409,-0.041,82
1780608036417,-0.034,82
1780608036424,-0.027,82
1780608036432,-0.018,82
1780608036440,-0.009,82
1780608036447,-0.013,82
1780608036455,-0.011,82
1780608036463,0.0,82
1780608036470,0.006,82
1780608036478,0.011,82
1780608036486,0.011,82
1780608036493,0.004,82
1780608036501,-0.004,82
1780608036509,-0.016,82
1780608036517,-0.039,82
1780608036524,-0.071,82
1780608036532,-0.092,82
1780608036518,-0.102,82
1780608036526,-0.109,82
1780608036533,-0.118,82
1780608036541,-0.127,82
1780608036549,-0.134,82
1780608036556,-0.141,82
1780608036564,-0.143,82
1780608036572,-0.139,82
1780608036579,-0.132,82
1780608036587,-0.113,82
1780608036595,-0.106,82
1780608036602,-0.12,82
1780608036610,-0.125,82
1780608036618,-0.111,82
1780608036626,-0.099,82
1780608036633,-0.095,82
1780608036641,-0.095,82
1780608036649,-0.095,82
1780608036656,-0.09,82
1780608036664,-0.083,82
1780608036672,-0.074,82
1780608036679,-0.074,82
1780608036687,-0.083,82
1780608036695,-0.078,82
1780608036702,-0.064,82
1780608036710,-0.064,82
1780608036718,-0.071,82
1780608036726,-0.069,82
1780608036733,-0.076,82
1780608036741,-0.083,82
1780608036749,-0.074,82
1780608036756,-0.067,82
1780608036764,-0.069,82
1780608036772,-0.071,82
1780608036779,-0.069,82
1780608036787,-0.064,82
1780608036795,-0.057,82
1780608036802,-0.055,82
1780608036810,-0.06,82
1780608036818,-0.057,82
1780608036826,-0.053,82
1780608036833,-0.051,82
1780608036841,-0.046,82
1780608036849,-0.048,82
1780608036856,-0.06,82
1780608036864,-0.057,82
1780608036872,-0.046,82
1780608036879,-0.044,82
1780608036887,-0.046,82
1780608036895,-0.048,82
1780608036902,-0.051,82
1780608036910,-0.055,82
1780608036918,-0.069,82
1780608036926,-0.076,82
1780608036933,-0.062,82
1780608036941,-0.053,82
1780608036949,-0.041,82
1780608036956,-0.023,82
1780608036964,-0.023,82
1780608036972,-0.034,82
1780608036979,-0.034,82
1780608036987,-0.034,82
1780608036995,-0.053,82
1780608037002,-0.074,82
1780608037010,-0.074,82
1780608037018,-0.067,82
1780608037026,-0.074,82
1780608037033,-0.076,82
1780608037041,-0.071,82
1780608037049,-0.076,82
1780608037056,-0.074,82
1780608037064,-0.03,82
1780608037072,0.092,82
1780608037103,0.317,82
1780608037110,0.503,82
1780608037118,0.378,82
1780608037126,-0.034,82
1780608037134,-0.28,82
1780608037141,-0.192,82
1780608037149,-0.081,82
1780608037157,-0.092,82
1780608037164,-0.111,82
1780608037172,-0.102,82
1780608037180,-0.092,82
1780608037187,-0.092,82
1780608037195,-0.092,82
1780608037203,-0.083,82
1780608037210,-0.071,82
1780608037218,-0.064,82
1780608037226,-0.06,82
1780608037234,-0.053,82
1780608037241,-0.044,82
1780608037249,-0.041,82
1780608037257,-0.037,82
1780608037264,-0.027,82
1780608037272,-0.016,82
1780608037280,-0.009,82
1780608037287,-0.004,82
1780608037295,-0.004,82
1780608037303,-0.004,82
1780608037310,0.0,82
1780608037318,0.009,82
1780608037326,0.009,82
1780608037334,0.0,82
1780608037341,-0.006,82
1780608037349,-0.009,82
1780608037357,-0.018,82
1780608037364,-0.041,82
1780608037372,-0.06,82
1780608037380,-0.074,82
1780608037387,-0.097,82
1780608037395,-0.109,82
1780608037403,-0.102,82
1780608037410,-0.102,82
1780608037418,-0.106,82
1780608037426,-0.111,82
1780608037434,-0.113,82
1780608037441,-0.113,82
1780608037449,-0.106,82
1780608037457,-0.099,82
1780608037464,-0.097,82
1780608037472,-0.099,82
1780608037480,-0.111,82
1780608037487,-0.109,82
1780608037495,-0.092,82
1780608037503,-0.088,82
1780608037510,-0.09,82
1780608037518,-0.085,82
1780608037526,-0.09,82
1780608037534,-0.088,82
1780608037541,-0.081,82
1780608037549,-0.078,82
1780608037557,-0.081,82
1780608037564,-0.081,82
1780608037572,-0.081,82
1780608037580,-0.081,82
1780608037587,-0.081,82
1780608037595,-0.081,82
1780608037603,-0.081,82
1780608037610,-0.083,82
1780608037618,-0.085,82
1780608037626,-0.083,82
1780608037634,-0.078,82
1780608037641,-0.081,82
1780608037649,-0.078,82
1780608037657,-0.078,82
1780608037642,-0.09,82
1780608037650,-0.09,82
1780608037658,-0.083,82
1780608037665,-0.083,82
1780608037673,-0.085,82
1780608037681,-0.078,82
1780608037689,-0.074,82
1780608037696,-0.076,82
1780608037704,-0.076,82
1780608037712,-0.069,82
1780608037719,-0.071,82
1780608037727,-0.085,82
1780608037735,-0.092,82
1780608037742,-0.083,82
1780608037750,-0.078,82
1780608037758,-0.078,82
1780608037765,-0.083,82
1780608037773,-0.083,82
1780608037781,-0.081,82
1780608037789,-0.076,82
1780608037796,-0.057,82
1780608037804,-0.037,82
1780608037812,-0.039,82
1780608037819,-0.064,82
1780608037827,-0.067,82
1780608037835,-0.062,82
1780608037842,-0.074,82
1780608037850,-0.092,82
1780608037858,-0.095,82
1780608037865,-0.09,82
1780608037873,-0.088,82
1780608037881,-0.081,82
1780608037889,-0.074,82
1780608037896,-0.074,82
1780608037904,-0.069,82
1780608037912,-0.037,82
1780608037919,0.064,82
1780608037927,0.289,82
1780608037935,0.503,82
1780608037942,0.394,82
1780608037950,-0.044,82
1780608037958,-0.317,82
1780608037965,-0.215,82
1780608037973,-0.09,82
1780608037981,-0.085,82
1780608037989,-0.083,82
1780608037996,-0.088,82
1780608038004,-0.099,82
1780608038012,-0.088,82
1780608038019,-0.074,82
1780608038027,-0.067,82
1780608038035,-0.064,82
1780608038042,-0.057,82
1780608038050,-0.053,82
1780608038058,-0.046,82
1780608038065,-0.03,82
1780608038073,-0.018,82
1780608038081,-0.016,82
1780608038089,-0.016,82
1780608038096,-0.006,82
1780608038104,0.004,82
1780608038112,0.011,82
1780608038119,0.016,82
1780608038127,0.023,82
1780608038135,0.032,82
1780608038142,0.034,82
1780608038150,0.03,82
1780608038158,0.025,82
1780608038165,0.02,82
1780608038173,0.002,82
1780608038181,-0.025,82
1780608038189,-0.044,82
1780608038196,-0.06,82
1780608038182,-0.078,82
1780608038190,-0.092,82
1780608038198,-0.102,82
1780608038205,-0.109,82
1780608038213,-0.113,82
1780608038221,-0.111,82
1780608038228,-0.109,82
1780608038236,-0.111,82
1780608038244,-0.12,82
1780608038251,-0.12,82
1780608038259,-0.104,82
1780608038267,-0.097,82
1780608038275,-0.095,82
1780608038282,-0.092,82
1780608038290,-0.097,82
1780608038298,-0.106,82
1780608038305,-0.102,82
1780608038313,-0.09,82
1780608038321,-0.085,82
1780608038328,-0.083,82
1780608038336,-0.078,82
1780608038344,-0.078,82
1780608038351,-0.076,82
1780608038359,-0.076,82
1780608038367,-0.076,82
1780608038375,-0.078,82
1780608038382,-0.078,82
1780608038390,-0.078,82
1780608038398,-0.076,82
1780608038405,-0.076,82
1780608038413,-0.076,82
1780608038421,-0.071,82
1780608038428,-0.069,82
1780608038436,-0.071,82
1780608038444,-0.069,82
1780608038451,-0.062,82
1780608038459,-0.069,82
1780608038467,-0.083,82
1780608038475,-0.083,82
1780608038482,-0.078,82
1780608038490,-0.09,82
1780608038498,-0.097,82
1780608038505,-0.09,82
1780608038513,-0.088,82
1780608038521,-0.088,82
1780608038528,-0.081,82
1780608038536,-0.076,82
1780608038544,-0.083,82
1780608038551,-0.083,82
1780608038559,-0.071,82
1780608038567,-0.057,82
1780608038575,-0.048,82
1780608038582,-0.034,82
1780608038590,-0.027,82
1780608038598,-0.034,82
1780608038605,-0.041,82
1780608038613,-0.046,82
1780608038621,-0.057,82
1780608038628,-0.074,82
1780608038636,-0.074,82
1780608038644,-0.076,82
1780608038651,-0.083,82
1780608038659,-0.081,82
1780608038667,-0.069,82
1780608038675,-0.074,82
1780608038682,-0.071,82
1780608038690,-0.02,82
1780608038698,0.134,82
1780608038705,0.419,82
1780608038713,0.633,82
1780608038721,0.431,82
1780608038728,-0.088,82
1780608038736,-0.338,82
1780608038812,-0.187,82
1780608038820,-0.076,82
1780608038828,-0.095,82
1780608038835,-0.078,82
1780608038843,-0.067,82
1780608038851,-0.083,82
1780608038858,-0.076,82
1780608038866,-0.057,82
1780608038874,-0.055,82
1780608038881,-0.06,82
1780608038889,-0.051,82
1780608038897,-0.046,82
1780608038904,-0.044,82
1780608038912,-0.034,82
1780608038920,-0.02,82
1780608038928,-0.013,82
1780608038935,-0.006,82
1780608038943,-0.002,82
1780608038951,0.004,82
1780608038958,0.016,82
1780608038966,0.032,82
1780608038974,0.044,82
1780608038981,0.046,82
1780608038989,0.044,82
1780608038997,0.046,82
1780608039004,0.044,82
1780608039012,0.03,82
1780608039020,0.006,82
1780608039028,-0.018,82
1780608039035,-0.044,82
1780608039043,-0.067,82
1780608039051,-0.092,82
1780608039058,-0.118,82
1780608039066,-0.134,82
1780608039074,-0.141,82
1780608039081,-0.146,82
1780608039089,-0.146,82
1780608039097,-0.143,82
1780608039104,-0.136,82
1780608039112,-0.134,82
1780608039120,-0.136,82
1780608039128,-0.129,82
1780608039135,-0.122,82
1780608039143,-0.12,82
1780608039151,-0.111,82
1780608039158,-0.104,82
1780608039166,-0.104,82
1780608039174,-0.102,82
1780608039181,-0.09,82
1780608039189,-0.09,82
1780608039197,-0.078,82
1780608039204,-0.039,82
1780608039212,-0.032,82
1780608039220,-0.078,82
1780608039228,-0.092,82
1780608039235,-0.081,82
1780608039243,-0.083,82
1780608039251,-0.092,82
1780608039258,-0.102,82
1780608039266,-0.104,82
1780608039274,-0.097,82
1780608039281,-0.09,82
1780608039289,-0.088,82
1780608039297,-0.095,82
1780608039304,-0.099,82
1780608039312,-0.097,82
1780608039320,-0.097,82
1780608039328,-0.095,82
1780608039335,-0.088,82
1780608039343,-0.076,82
1780608039351,0.074,82
1780608039358,0.438,82
1780608039366,0.656,82
1780608039352,0.528,81
1780608039360,0.533,81
1780608039368,0.674,81
1780608039375,0.41,81
1780608039383,0.129,81
1780608039391,0.313,81
1780608039398,0.438,81
1780608039406,0.491,81
1780608039414,0.728,81
1780608039421,0.607,81
1780608039429,0.313,81
1780608039437,0.482,81
1780608039445,0.54,81
1780608039452,0.085,81
1780608039460,-0.19,81
1780608039468,-0.136,81
1780608039475,-0.185,81
1780608039483,-0.271,81
1780608039491,-0.25,81
1780608039498,-0.243,81
1780608039506,-0.243,81
1780608039514,-0.104,81
1780608039521,0.201,81
1780608039529,0.48,81
1780608039537,0.396,81
1780608039545,-0.113,81
1780608039552,-0.519,81
1780608039560,-0.431,81
1780608039568,-0.252,81
1780608039575,-0.266,81
1780608039583,-0.276,81
1780608039591,-0.243,81
1780608039598,-0.255,81
1780608039606,-0.252,81
1780608039614,-0.224,81
1780608039621,-0.213,81
1780608039629,-0.206,81
1780608039637,-0.187,81
1780608039645,-0.178,81
1780608039652,-0.171,81
1780608039660,-0.146,81
1780608039668,-0.111,81
1780608039675,-0.085,81
1780608039683,-0.074,81
1780608039691,-0.062,81
1780608039698,-0.048,81
1780608039706,-0.039,81
1780608039714,-0.034,81
1780608039721,-0.025,81
1780608039729,-0.018,81
1780608039737,-0.013,81
1780608039745,0.018,81
1780608039752,0.113,81
1780608039760,0.252,81
1780608039768,0.338,81
1780608039775,0.347,81
1780608039783,0.352,81
1780608039791,0.375,81
1780608039798,0.391,81
1780608039806,0.38,81
1780608039814,0.368,81
1780608039821,0.382,81
1780608039829,0.371,81
1780608039837,0.285,81
1780608039845,0.204,81
1780608039852,0.194,81
1780608039860,0.22,81
1780608039868,0.204,81
1780608039875,0.034,81
1780608039883,-0.197,81
1780608039891,-0.259,81
1780608039898,-0.243,81
1780608039906,-0.285,81
1780608039937,-0.308,79
1780608039945,-0.289,79
1780608039953,-0.289,79
1780608039960,-0.296,79
1780608039968,-0.289,79
1780608039976,-0.292,79
1780608039983,-0.299,79
1780608039991,-0.289,79
1780608039999,-0.28,79
1780608040007,-0.28,79
1780608040014,-0.276,79
1780608040022,-0.28,79
1780608040030,-0.287,79
1780608040037,-0.271,79
1780608040045,-0.257,79
1780608040053,-0.259,79
1780608040060,-0.259,79
1780608040068,-0.257,79
1780608040076,-0.25,79
1780608040083,-0.241,79
1780608040091,-0.222,79
1780608040099,-0.192,79
1780608040107,-0.18,79
1780608040114,-0.206,79
1780608040122,-0.218,79
1780608040130,-0.206,79
1780608040137,-0.204,79
1780608040145,-0.206,79
1780608040153,-0.199,79
1780608040160,-0.183,79
1780608040168,-0.162,79
1780608040176,-0.136,79
1780608040183,-0.115,79
1780608040191,-0.09,79
1780608040199,-0.027,79
1780608040207,0.06,79
1780608040214,0.106,79
1780608040222,0.039,79
1780608040230,-0.099,79
1780608040237,-0.155,79
1780608040245,-0.134,79
1780608040253,-0.146,79
1780608040260,-0.162,79
1780608040268,-0.16,79
1780608040276,-0.164,79
1780608040283,-0.157,79
1780608040291,-0.051,79
1780608040299,0.213,79
1780608040307,0.531,79
1780608040314,0.63,79
1780608040322,0.306,79
1780608040330,-0.19,79
1780608040337,-0.338,79
1780608040345,-0.169,79
1780608040353,-0.118,79
1780608040360,-0.185,79
1780608040368,-0.183,79
1780608040376,-0.157,79
1780608040383,-0.164,79
1780608040391,-0.157,79
1780608040399,-0.141,79
1780608040407,-0.139,79
1780608040414,-0.134,79
1780608040422,-0.122,79
1780608040430,-0.115,79
1780608040437,-0.104,79
1780608040445,-0.092,79
1780608040453,-0.083,79
1780608040460,-0.071,79
1780608040468,-0.06,79
1780608040476,-0.057,79
1780608040483,-0.048,79
1780608040491,-0.032,79
1780608040477,-0.016,79
1780608040484,-0.009,79
1780608040492,-0.004,79
1780608040500,-0.002,79
1780608040507,-0.002,79
1780608040515,-0.009,79
1780608040523,-0.02,79
1780608040531,-0.044,79
1780608040538,-0.071,79
1780608040546,-0.102,79
1780608040554,-0.134,79
1780608040561,-0.153,79
1780608040569,-0.157,79
1780608040577,-0.166,79
1780608040584,-0.185,79
1780608040592,-0.19,79
1780608040600,-0.178,79
1780608040607,-0.162,79
1780608040615,-0.143,79
1780608040623,-0.132,79
1780608040631,-0.148,79
1780608040638,-0.157,79
1780608040646,-0.146,79
1780608040654,-0.143,79
1780608040661,-0.146,79
1780608040669,-0.134,79
1780608040677,-0.127,79
1780608040684,-0.122,79
1780608040692,-0.111,79
1780608040700,-0.109,79
1780608040707,-0.115,79
1780608040715,-0.118,79
1780608040723,-0.118,79
1780608040731,-0.113,79
1780608040738,-0.111,79
1780608040746,-0.109,79
1780608040754,-0.109,79
1780608040761,-0.113,79
1780608040769,-0.115,79
1780608040777,-0.111,79
1780608040784,-0.109,79
1780608040792,-0.104,79
1780608040800,-0.102,79
1780608040807,-0.106,79
1780608040815,-0.115,79
1780608040823,-0.111,79
1780608040831,-0.097,79
1780608040838,-0.099,79
1780608040846,-0.102,79
1780608040854,-0.097,79
1780608040861,-0.095,79
1780608040869,-0.095,79
1780608040877,-0.095,79
1780608040884,-0.095,79
1780608040892,-0.097,79
1780608040900,-0.092,79
1780608040907,-0.071,79
1780608040915,-0.048,79
1780608040923,-0.048,79
1780608040931,-0.06,79
1780608040938,-0.064,79
1780608040946,-0.067,79
1780608040954,-0.083,79
1780608040961,-0.097,79
1780608040969,-0.097,79
1780608040977,-0.092,79
1780608040984,-0.095,79
1780608040992,-0.095,79
1780608041000,-0.088,79
1780608041007,-0.095,79
1780608041015,-0.097,79
1780608041023,-0.027,79
1780608041031,0.187,79
1780608041016,0.505,79
1780608041024,0.695,79
1780608041032,0.491,79
1780608041039,-0.027,79
1780608041047,-0.313,79
1780608041055,-0.178,79
1780608041063,-0.071,79
1780608041070,-0.132,79
1780608041078,-0.146,79
1780608041086,-0.109,79
1780608041093,-0.113,79
1780608041101,-0.122,79
1780608041109,-0.12,79
1780608041116,-0.115,79
1780608041124,-0.106,79
1780608041132,-0.09,79
1780608041139,-0.083,79
1780608041147,-0.085,79
1780608041155,-0.085,79
1780608041163,-0.069,79
1780608041170,-0.053,79
1780608041178,-0.044,79
1780608041186,-0.032,79
1780608041193,-0.023,79
1780608041201,-0.016,79
1780608041209,-0.004,79
1780608041216,0.006,79
1780608041224,0.011,79
1780608041232,0.011,79
1780608041239,0.011,79
1780608041247,0.004,79
1780608041255,-0.004,79
1780608041263,-0.02,79
1780608041270,-0.041,79
1780608041278,-0.067,79
1780608041286,-0.092,79
1780608041293,-0.113,79
1780608041301,-0.129,79
1780608041309,-0.134,79
1780608041316,-0.132,79
1780608041324,-0.139,79
1780608041332,-0.15,79
1780608041339,-0.146,79
1780608041347,-0.136,79
1780608041355,-0.129,79
1780608041363,-0.129,79
1780608041370,-0.129,79
1780608041378,-0.127,79
1780608041386,-0.118,79
1780608041393,-0.109,79
1780608041401,-0.106,79
1780608041409,-0.106,79
1780608041416,-0.102,79
1780608041424,-0.097,79
1780608041432,-0.099,79
1780608041439,-0.097,79
1780608041447,-0.092,79
1780608041455,-0.09,79
1780608041463,-0.097,79
1780608041470,-0.106,79
1780608041478,-0.104,79
1780608041486,-0.097,79
1780608041493,-0.097,79
1780608041501,-0.09,79
1780608041509,-0.085,79
1780608041516,-0.088,79
1780608041524,-0.09,79
1780608041532,-0.09,79
1780608041539,-0.092,79
1780608041547,-0.092,79
1780608041555,-0.09,79
1780608041563,-0.088,79
1780608041570,-0.09,79
1780608041559,-0.09,79
1780608041567,-0.088,79
1780608041574,-0.088,79
1780608041582,-0.085,79
1780608041590,-0.085,79
1780608041597,-0.088,79
1780608041605,-0.083,79
1780608041613,-0.076,79
1780608041621,-0.083,79
1780608041628,-0.104,79
1780608041636,-0.113,79
1780608041644,-0.099,79
1780608041651,-0.088,79
1780608041659,-0.078,79
1780608041667,-0.064,79
1780608041674,-0.048,79
1780608041682,-0.048,79
1780608041690,-0.053,79
1780608041697,-0.048,79
1780608041705,-0.051,79
1780608041713,-0.071,79
1780608041721,-0.09,79
1780608041728,-0.088,79
1780608041736,-0.081,79
1780608041744,-0.085,79
1780608041751,-0.085,79
1780608041759,-0.083,79
1780608041767,-0.085,79
1780608041774,-0.069,79
1780608041782,0.009,79
1780608041790,0.22,79
1780608041797,0.512,79
1780608041805,0.591,79
1780608041813,0.236,79
1780608041821,-0.218,79
1780608041828,-0.285,79
1780608041836,-0.125,79
1780608041844,-0.09,79
1780608041851,-0.118,79
1780608041859,-0.104,79
1780608041867,-0.09,79
1780608041874,-0.09,79
1780608041882,-0.085,79
1780608041890,-0.074,79
1780608041897,-0.069,79
1780608041905,-0.064,79
1780608041913,-0.051,79
1780608041921,-0.044,79
1780608041928,-0.039,79
1780608041936,-0.025,79
1780608041944,-0.018,79
1780608041951,-0.016,79
1780608041959,-0.004,79
1780608041967,0.002,79
1780608041974,0.009,79
1780608041982,0.016,79
1780608041990,0.016,79
1780608041997,0.018,79
1780608042005,0.023,79
1780608042013,0.023,79
1780608042021,0.013,79
1780608042028,0.004,79
1780608042036,-0.006,79
1780608042044,-0.016,79
1780608042051,-0.034,79
1780608042059,-0.055,79
1780608042067,-0.074,79
1780608042074,-0.092,79
1780608042082,-0.104,79
1780608042090,-0.111,79
1780608042097,-0.115,79
1780608042105,-0.115,79
1780608042113,-0.111,79
1780608042099,-0.106,79
1780608042106,-0.102,79
1780608042114,-0.097,79
1780608042122,-0.09,79
1780608042129,-0.088,79
1780608042137,-0.09,79
1780608042145,-0.099,79
1780608042153,-0.099,79
1780608042160,-0.09,79
1780608042168,-0.083,79
1780608042176,-0.081,79
1780608042183,-0.076,79
1780608042191,-0.071,79
1780608042199,-0.069,79
1780608042206,-0.069,79
1780608042214,-0.069,79
1780608042222,-0.062,79
1780608042229,-0.06,79
1780608042237,-0.062,79
1780608042245,-0.055,79
1780608042253,-0.051,79
1780608042260,-0.053,79
1780608042268,-0.055,79
1780608042276,-0.053,79
1780608042283,-0.048,79
1780608042291,-0.048,79
1780608042299,-0.053,79
1780608042306,-0.053,79
1780608042314,-0.06,79
1780608042322,-0.069,79
1780608042329,-0.069,79
1780608042337,-0.062,79
1780608042345,-0.06,79
1780608042353,-0.06,79
1780608042360,-0.057,79
1780608042368,-0.055,79
1780608042376,-0.053,79
1780608042383,-0.048,79
1780608042391,-0.048,79
1780608042399,-0.048,79
1780608042406,-0.046,79
1780608042414,-0.048,79
1780608042422,-0.048,79
1780608042429,-0.041,79
1780608042437,-0.032,79
1780608042445,-0.023,79
1780608042453,-0.009,79
1780608042460,-0.002,79
1780608042468,-0.004,79
1780608042476,-0.004,79
1780608042483,0.0,79
1780608042491,-0.016,79
1780608042499,-0.046,79
1780608042506,-0.055,79
1780608042514,-0.051,79
1780608042522,-0.06,79
1780608042529,-0.064,79
1780608042537,-0.057,79
1780608042545,-0.055,79
1780608042553,-0.055,79
1780608042560,-0.039,79
1780608042568,0.046,79
1780608042576,0.259,79
1780608042583,0.519,79
1780608042591,0.526,79
1780608042599,0.127,79
1780608042606,-0.266,79
1780608042614,-0.25,79
1780608042622,-0.092,79
1780608042629,-0.074,79
1780608042637,-0.083,79
1780608042645,-0.069,79
1780608042653,-0.071,79
1780608042726,-0.067,79
1780608042734,-0.053,79
1780608042742,-0.053,79
1780608042749,-0.067,79
1780608042757,-0.071,79
1780608042765,-0.057,79
1780608042772,-0.044,79
1780608042780,-0.037,79
1780608042788,-0.027,79
1780608042795,-0.023,79
1780608042803,-0.023,79
1780608042811,-0.009,79
1780608042818,0.006,79
1780608042826,0.011,79
1780608042834,0.016,79
1780608042842,0.025,79
1780608042849,0.027,79
1780608042857,0.03,79
1780608042865,0.032,79
1780608042872,0.023,79
1780608042880,0.011,79
1780608042888,-0.002,79
1780608042895,-0.013,79
1780608042903,-0.027,79
1780608042911,-0.048,79
1780608042918,-0.067,79
1780608042926,-0.085,79
1780608042934,-0.102,79
1780608042942,-0.106,79
1780608042949,-0.109,79
1780608042957,-0.106,79
1780608042965,-0.097,79
1780608042972,-0.097,79
1780608042980,-0.099,79
1780608042988,-0.09,79
1780608042995,-0.085,79
1780608043003,-0.083,79
1780608043011,-0.076,79
1780608043018,-0.069,79
1780608043026,-0.069,79
1780608043034,-0.069,79
1780608043042,-0.064,79
1780608043049,-0.062,79
1780608043057,-0.064,79
1780608043065,-0.071,79
1780608043072,-0.078,79
1780608043080,-0.083,79
1780608043088,-0.09,79
1780608043095,-0.085,79
1780608043103,-0.076,79
1780608043111,-0.078,79
1780608043118,-0.085,79
1780608043126,-0.081,79
1780608043134,-0.074,79
1780608043142,-0.076,79
1780608043149,-0.076,79
1780608043157,-0.074,79
1780608043165,-0.074,79
1780608043172,-0.074,79
1780608043180,-0.069,79
1780608043188,-0.064,79
1780608043195,-0.062,79
1780608043203,-0.064,79
1780608043211,-0.064,79
1780608043218,-0.064,79
1780608043226,-0.06,79
1780608043234,-0.06,79
1780608043242,-0.069,79
1780608043249,-0.081,79
1780608043257,-0.081,79
1780608043265,-0.074,79
1780608043272,-0.074,79
1780608043280,-0.078,79
1780608043266,-0.076,79
1780608043274,-0.074,79
1780608043281,-0.074,79
1780608043289,-0.062,79
1780608043297,-0.039,79
1780608043305,-0.027,79
1780608043312,-0.03,79
1780608043320,-0.039,79
1780608043328,-0.041,79
1780608043335,-0.046,79
1780608043343,-0.064,79
1780608043351,-0.085,79
1780608043358,-0.085,79
1780608043366,-0.081,79
1780608043374,-0.078,79
1780608043381,-0.078,79
1780608043389,-0.078,79
1780608043397,-0.085,79
1780608043405,-0.085,79
1780608043412,-0.034,79
1780608043420,0.139,79
1780608043428,0.422,79
1780608043435,0.582,79
1780608043443,0.327,79
1780608043451,-0.164,79
1780608043458,-0.338,79
1780608043466,-0.171,79
1780608043474,-0.081,79
1780608043481,-0.097,79
1780608043489,-0.083,79
1780608043497,-0.076,79
1780608043505,-0.083,79
1780608043512,-0.071,79
1780608043520,-0.06,79
1780608043528,-0.057,79
1780608043535,-0.046,79
1780608043543,-0.032,79
1780608043551,-0.03,79
1780608043558,-0.027,79
1780608043566,-0.03,79
1780608043574,-0.027,79
1780608043581,-0.018,79
1780608043589,-0.011,79
1780608043597,-0.004,79
1780608043605,0.009,79
1780608043612,0.018,79
1780608043620,0.02,79
1780608043628,0.018,79
1780608043635,0.02,79
1780608043643,0.023,79
1780608043651,0.02,79
1780608043658,0.009,79
1780608043666,0.0,79
1780608043674,-0.009,79
1780608043681,-0.03,79
1780608043689,-0.055,79
1780608043697,-0.074,79
1780608043705,-0.09,79
1780608043712,-0.102,79
1780608043720,-0.115,79
1780608043728,-0.12,79
1780608043735,-0.118,79
1780608043743,-0.115,79
1780608043751,-0.118,79
1780608043758,-0.113,79
1780608043766,-0.113,79
1780608043774,-0.118,79
1780608043781,-0.115,79
1780608043789,-0.106,79
1780608043797,-0.095,79
1780608043805,-0.09,79
1780608043812,-0.092,79
1780608043820,-0.095,79
1780608043806,-0.09,79
1780608043814,-0.081,79
1780608043821,-0.081,79
1780608043829,-0.083,79
1780608043837,-0.081,79
1780608043844,-0.076,79
1780608043852,-0.076,79
1780608043860,-0.078,79
1780608043867,-0.081,79
1780608043875,-0.085,79
1780608043883,-0.088,79
1780608043891,-0.083,79
1780608043898,-0.076,79
1780608043906,-0.076,79
1780608043914,-0.09,79
1780608043921,-0.099,79
1780608043929,-0.09,79
1780608043937,-0.078,79
1780608043944,-0.074,79
1780608043952,-0.074,79
1780608043960,-0.081,79
1780608043967,-0.081,79
1780608043975,-0.076,79
1780608043983,-0.071,79
1780608043991,-0.076,79
1780608043998,-0.076,79
1780608044006,-0.071,79
1780608044014,-0.076,79
1780608044021,-0.076,79
1780608044029,-0.06,79
1780608044037,-0.048,79
1780608044044,-0.041,79
1780608044052,-0.046,79
1780608044060,-0.057,79
1780608044067,-0.062,79
1780608044075,-0.06,79
1780608044083,-0.071,79
1780608044091,-0.097,79
1780608044098,-0.113,79
1780608044106,-0.113,79
1780608044114,-0.106,79
1780608044121,-0.099,79
1780608044129,-0.092,79
1780608044137,-0.092,79
1780608044144,-0.095,79
1780608044152,-0.067,79
1780608044160,0.062,79
1780608044167,0.338,79
1780608044175,0.603,79
1780608044183,0.517,79
1780608044191,0.023,79
1780608044198,-0.357,79
1780608044206,-0.266,79
1780608044214,-0.095,79
1780608044221,-0.104,79
1780608044229,-0.104,79
1780608044237,-0.076,79
1780608044244,-0.085,79
1780608044252,-0.083,79
1780608044260,-0.064,79
1780608044267,-0.062,79
1780608044275,-0.064,79
1780608044283,-0.062,79
1780608044291,-0.055,79
1780608044298,-0.051,79
1780608044306,-0.041,79
1780608044314,-0.03,79
1780608044321,-0.027,79
1780608044329,-0.023,79
1780608044337,-0.011,79
1780608044344,0.0,79
1780608044352,0.004,79
1780608044360,0.016,79
1780608044391,0.032,79
1780608044398,0.037,79
1780608044406,0.034,79
1780608044414,0.032,79
1780608044422,0.027,79
1780608044429,0.016,79
1780608044437,-0.009,79
1780608044445,-0.041,79
1780608044452,-0.062,79
1780608044460,-0.076,79
1780608044468,-0.095,79
1780608044475,-0.118,79
1780608044483,-0.141,79
1780608044491,-0.148,79
1780608044498,-0.141,79
1780608044506,-0.139,79
1780608044514,-0.136,79
1780608044522,-0.132,79
1780608044529,-0.132,79
1780608044537,-0.122,79
1780608044545,-0.111,79
1780608044552,-0.106,79
1780608044560,-0.109,79
1780608044568,-0.115,79
1780608044575,-0.115,79
1780608044583,-0.106,79
1780608044591,-0.092,79
1780608044598,-0.088,79
1780608044606,-0.095,79
1780608044614,-0.097,79
1780608044622,-0.099,79
1780608044629,-0.099,79
1780608044637,-0.092,79
1780608044645,-0.088,79
1780608044652,-0.095,79
1780608044660,-0.102,79
1780608044668,-0.099,79
1780608044675,-0.092,79
1780608044683,-0.088,79
1780608044691,-0.088,79
1780608044698,-0.083,79
1780608044706,-0.081,79
1780608044714,-0.085,79
1780608044722,-0.085,79
1780608044729,-0.074,79
1780608044737,-0.076,79
1780608044745,-0.085,79
1780608044752,-0.088,79
1780608044760,-0.083,79
1780608044768,-0.069,79
1780608044775,-0.064,79
1780608044783,-0.067,79
1780608044791,-0.071,79
1780608044798,-0.088,79
1780608044806,-0.092,79
1780608044814,-0.081,79
1780608044822,-0.071,79
1780608044829,-0.051,79
1780608044837,-0.027,79
1780608044845,-0.048,79
1780608044852,-0.067,79
1780608044860,-0.048,79
1780608044868,-0.048,79
1780608044875,-0.083,79
1780608044883,-0.09,79
1780608044891,-0.071,79
1780608044898,-0.069,79
1780608044906,-0.081,79
1780608044914,-0.081,79
1780608044922,-0.069,79
1780608044929,-0.062,79
1780608044937,-0.051,79
1780608044945,0.013,79
1780608044931,0.192,78
1780608044938,0.459,78
1780608044946,0.565,78
1780608044954,0.264,78
1780608044961,-0.206,78
1780608044969,-0.322,78
1780608044977,-0.146,78
1780608044985,-0.078,78
1780608044992,-0.092,78
1780608045000,-0.076,78
1780608045008,-0.085,78
1780608045015,-0.088,78
1780608045023,-0.064,78
1780608045031,-0.064,78
1780608045038,-0.074,78
1780608045046,-0.057,78
1780608045054,-0.044,78
1780608045061,-0.053,78
1780608045069,-0.051,78
1780608045077,-0.032,78
1780608045085,-0.018,78
1780608045092,-0.018,78
1780608045100,-0.018,78
1780608045108,0.002,78
1780608045115,0.018,78
1780608045123,0.016,78
1780608045131,0.016,78
1780608045138,0.025,78
1780608045146,0.03,78
1780608045154,0.027,78
1780608045161,0.023,78
1780608045169,0.02,78
1780608045177,0.016,78
1780608045185,0.004,78
1780608045192,-0.018,78
1780608045200,-0.053,78
1780608045208,-0.064,78
1780608045215,-0.069,78
1780608045223,-0.088,78
1780608045231,-0.106,78
1780608045238,-0.109,78
1780608045246,-0.106,78
1780608045254,-0.097,78
1780608045261,-0.095,78
1780608045269,-0.097,78
1780608045277,-0.085,78
1780608045285,-0.078,78
1780608045292,-0.083,78
1780608045300,-0.081,78
1780608045308,-0.074,78
1780608045315,-0.078,78
1780608045323,-0.078,78
1780608045331,-0.067,78
1780608045338,-0.064,78
1780608045346,-0.064,78
1780608045354,-0.057,78
1780608045361,-0.057,78
1780608045369,-0.057,78
1780608045377,-0.053,78
1780608045385,-0.055,78
1780608045392,-0.06,78
1780608045400,-0.06,78
1780608045408,-0.06,78
1780608045415,-0.057,78
1780608045423,-0.06,78
1780608045431,-0.06,78
1780608045438,-0.06,78
1780608045446,-0.06,78
1780608045454,-0.057,78
1780608045461,-0.053,78
1780608045469,-0.06,78
1780608045477,-0.062,78
1780608045485,-0.062,78
